name,subreddit,title,author_fullname,created_utc,selftext,upvote_ratio,ups,downs,score
t3_mf305c,CryptoMarkets,Buy then dip,t2_5rhrxymx,2021-03-28 15:29:07+00:00,,0.97,951,0,951
t3_mexx4h,CryptoMarkets,'Crypto Tracker‚Äô feature released to the Sylo Smart Wallet,t2_79y22pc2,2021-03-28 09:06:22+00:00,,0.95,50,0,50
t3_mewqg7,CryptoMarkets,Billionaire Who Wanted Bitcoin Banned Now Decides To Invest In BTC,t2_63r2nrg0,2021-03-28 07:27:32+00:00,,0.92,50,0,50
t3_mf70o2,CryptoMarkets,"Sometimes you are up in heaven or rotting in hell, How do you usually keep your cool if you see that you are losing money in your investments?",t2_2pqixvle,2021-03-28 18:43:13+00:00,,0.98,46,0,46
t3_mff6ex,CryptoMarkets,Don't be this Guy..,t2_5i034vj6,2021-03-29 01:52:45+00:00,,0.85,38,0,38
t3_mf228f,CryptoMarkets,I am sharing the code of my first crypto trading bot so you can build your own,t2_283pt45k,2021-03-28 14:42:29+00:00,,1.0,27,0,27
t3_mf6hwr,CryptoMarkets,"To be fair, some of them are really gems, What are the hidden gems you managed to find in this year?",t2_2pqixvle,2021-03-28 18:17:39+00:00,,1.0,27,0,27
t3_mev5km,CryptoMarkets,ARK Invest CEO Believes Bitcoin Fixed Supply Will Push Price Upwards,t2_63r2nrg0,2021-03-28 05:18:01+00:00,,0.95,20,0,20
t3_mf0vlg,CryptoMarkets,General Motors would consider accepting Bitcoins in the future,t2_auwgobl,2021-03-28 12:51:24+00:00,,0.88,12,0,12
t3_meyn3x,CryptoMarkets,"2017 scammer responsible for stealing 22,000 Bitcoin to pay $572 million per U.S. Court",t2_7jdlnl6o,2021-03-28 10:05:48+00:00,,1.0,12,0,12
t3_mezov2,CryptoMarkets,Storj (STORJ) Price Skyrockets Over 100% in Last 2 Days,t2_63r2nrg0,2021-03-28 11:28:13+00:00,,0.78,10,0,10
t3_mevuni,CryptoMarkets,/r/cryptomarkets hit 400k subscribers yesterday,t2_f4wzr,2021-03-28 06:12:31+00:00,,1.0,11,0,11
t3_meylj2,CryptoMarkets,Oakland A‚Äôs President Declares ‚ÄúWe are Believers in Bitcoin,t2_63r2nrg0,2021-03-28 10:02:24+00:00,,0.92,10,0,10
t3_meuah9,CryptoMarkets,Does Cardano Have Any Chance To Topple Ethereum? Crypto Trader Lack Davis Weighs In,t2_n4qzsbv,2021-03-28 04:17:03+00:00,,0.76,8,0,8
t3_mfel2z,CryptoMarkets,Don't be that guy! www.digimaxai.com,t2_a0dazrqu,2021-03-29 01:16:17+00:00,,0.8,9,0,9
t3_mfacpd,CryptoMarkets,Ethereum: The F-Word,t2_3y2an4vz,2021-03-28 21:25:29+00:00,,0.84,8,0,8
t3_mf5jos,CryptoMarkets,Why former OCC head thinks Bitcoin stronger than U.S. dollar,t2_1cncbagm,2021-03-28 17:32:37+00:00,,0.67,6,0,6
t3_mf8zm6,CryptoMarkets,Grayscale Now Holds $41 Billion Crypto Assets Under Management,t2_63r2nrg0,2021-03-28 20:17:37+00:00,,0.91,8,0,8
t3_mf1yts,CryptoMarkets,US Court Fines CEO Benjamin Reynolds $571M For Bitcoin Scam,t2_63r2nrg0,2021-03-28 14:37:52+00:00,,1.0,9,0,9
t3_mf5sit,CryptoMarkets,100% of People Should Buy Then HODL Bitcoin. That's it.,t2_brc3w,2021-03-28 17:44:26+00:00,,0.69,5,0,5
t3_mf3e50,CryptoMarkets,The startup: the digital Bitcoin wallet for blind people,t2_8yvplkgt,2021-03-28 15:48:29+00:00,"I've an idea for a startup: the digital Bitcoin wallet for blind people. I'll be glad to form a team to develop this project. I've good connections with the mainstream (The Daily Telegraph, The New-York Times etc.) and crypto media to push this project and secure an awareness about him + social media (SMM, SEO). As a professional Finance consultant and professor of Corporate Finance I've developed a business-model to secure that the project will break even.

I think the project needs a developer to create maybe on the already existing code the basic digital wallet. The new will be the voice identification of the user, the voice management of the digital wallet and the service of voice advertising. Possible investors and supporters of this socially important project are welcome, you can send me a direct message. Initially I've come to the idea of this project since one of the most important people in my life, my teacher, is blind.",0.7,4,0,4
t3_mf2anv,CryptoMarkets,STEVE'S WEEKLY PICKS: w/c 29/03/21,t2_2kiik4ia,2021-03-28 14:54:11+00:00,"DISCLAIMER: If you trade based off of my wild guesses you deserve to lose all your money, I am neither a crypto expert or a financial adviser. As always do your own research and trade at your own risk and don't invest more than you're willing to lose.

Now that's out of the way, onto some crypto expert financial advice for you to YOLO your life savings into...

ALL VALUES IN ‚Ç¨EUR

Last week's pick (well, a few days ago anyway):

SC @ 0.016
Current price: 0.02256
41% increase, certified genius.

Overall market trend for the week: Hold/Buy

Entry picks:

BAT - recent climbs to continue after consolidating and finding support in 0.8-0.85 range aiming to retest 1.00 within next few weeks. 

KSM - Risen meteorically in the last month from 175.00 to 410.00, barely even stopping to consolidate on the way, I expect this to continue.

NANO - I bought this at an awful time and eagerly anticipate a rise so i can break even and dump my bag. Seems to have finally found a floor at 3.6, hopefully can find some resurgence and tackle 5.00 again soon.

UNI - Recently consolidated and found support at 22.80, should break past 25.00 again and start retesting 30.00. Feels very underbought.

PRICE PREDICTIONS:
BAT - 1.02
KSM - 460.00
NANO - 4.50
UNI - 27.5

Exit picks:

Don't sell anything.

About me:

- Uk based (clue in the name).

- Absolutely no qualifications or experience in crypto, i am not an expert by any stretch of the imagination.

- I am not a financial adviser either.

- I do my analysis using an etch-a-sketch and pavement chalk.

- I enjoy differing opinions that challenge my confirmation bias.

At time of posting my personal holdings are:

ADA - 23.54%
SC - 19.25%
ICX - 11.61%
QTUM - 10.15%
SNX - 8.51%
KAVA - 6.3%
EOS - 6.22%
XRP - 5.06%
NANO - 4.82%
LINK - 4.54%

See you next week!",0.86,5,0,5
t3_mf0yae,CryptoMarkets,ARMing Cardano: An Ecosystem for Raspberry Pi Stakepool Operators?,t2_80h2y0jc,2021-03-28 12:56:31+00:00,,0.87,6,0,6
t3_mf5vah,CryptoMarkets,Have you ever found any crypto currency from a mystery box?,t2_5cc4wyzz,2021-03-28 17:48:09+00:00,"Would you risk some money to have fun and decent probabilities to win crypto, or even a freaking Tesla? I am convinced but want to ask you guys before pulling the trigger. I have seen people earn profits in long run with mystery box in diverse fields.

[View Poll](https://www.reddit.com/poll/mf5vah)",0.84,4,0,4
t3_mevewy,CryptoMarkets,How to lose 80% of your portfolio in 1months...tips for beginners of what not to do..,t2_3oxyn07i,2021-03-28 05:38:18+00:00,"So i started crypto trading in feb when the dogecoin was getting hype so i said why the fu*k not so i took about 150$ from my savings ( i m 18 year old student and saved some money by giving tuitions to kids,, also thats quiet a amount in a third world country) and put 100$ @ 5.5 all into dogecoin it went up a little and i became happy with a 5% gain but decided to hold and after a day
 https://twitter.com/elonmusk/status/1359519541219500033?s=19

 this tweet came out from elon about him buying doge for his son.. 

I panik buyed @7 like a stupid retard and buyed at pick price and just sat there thinking myself as a winner..but then everyone start selling and price went down to 5..now i thought that the hype is dead and just like what happened when elon first talked about doge and it pumped to 8.5 and fall to 3..i thought it will again fall to near 3 so i sold at loss    (buy high sell low lol) @5 and successfully turned my 150$ to 123$.. 


** never buy a coin while its pumping or just because someone is talking about it...this thing is called shilling where a person buy a coin at low price and then start to talk about it and promote the coin so prices go up and then they earn from your stupidity**


now i thought to myself i would never buy at peak so i looked around to find a coin which is at low price so i found CREAM.. at that time it was around 250$ and its all time high was 380$ so i thought 'yeah why not,its a discount right'..and invested all my money into it...but it kept falling and falling..i thought that i will not repeat what i did in doge and just hold but the price dropped to 180$ so me getting more and more upset i just sold it..now i dropped from 123$ to 88$..


**never buy a coin just because its low..and never buy a coin you dont know anything about..maybe you have heard this thing many times now but please do your own research..

Now i got really scared after consecutive loss so i started watching lots of youtube and by that i started to join there telegram channels where they give ""signals"" about what coin to buy and there targets...they claims that they do deep technical analysis and immediately inform the channel members on telegram..so i stared following there ""signals""..i use to just sit there with my binance and telegram open ,so that i can immediately buy it..and to my surprise it worked a few times..now i was up from 88$ to around 110$..but then the worst part happened...at the time i had joined around 5 channels...but 3 of the channels started announcing about a thing called ""mountain pump""..they said that they will pump a coin so much that the coin will 5-6x in few minutes..so as a fool i was i actually believed it...they started to gather hype from all social media they had and asked them to join there telegram channels so that you dont miss a ""once in a lifetime chance""..everyday they post about it and say things that will make you greedy like ""everyone will atleast double there money or they will make some celebrity tweet about the coin""..at this point i was so trapped into this that i deposited extra 100$ dollar just for this..so i was ready with my 210$ to ""double"" it..when the time actually came they  start to say things like you must hold for maximum benefit and after few minutes international fomo will hit and the coin will skyrocket..so they announced the coin ""MITH"" and i immiedietly bought it at market limit which was already at 64..you can check mith btc pair on 27 feb..yes i bought at peak again and now the coin started to go down so fast that i couldnt even react.i panic sold @48 and took the loss..


**never listen to anyone but facts..do your own fundamental and technical analysis before putting your hard earned money..for the minimum you can check for the use of coin or the partners it has..check there twitter if they actually are having any real world use..yes you can earn a lot from shitcoins which just operate because of demand and supply but it not the risk worth taking**


Now i m at 157$.. i decided to do some trading on the new nft craze..so i choose chz and actually earned quite a bit..i jumped to 190$..now i was feeling a little bit coinfidence..but maybe more than enough that i jumped in margin trading..i learned a little about it and choose CHR to risk it all...i was thinking that it will perform just like CHZ..so i yoloed the rest of my money and guess what happened...i got liquidated in just 8 hours..it was the time when btc dipped from 53k to 47k and pulled downed other altcoins with it..now i was at around 50$ and got so scared when i got the message of liquidation because i was actually out of town at that time and didnt checked the price for a long time...so yeah thats pretty much it about how i fu*ked up my savings..but just for update i actually learned a lot now and turned my 50$ to 90$ and still working on it..here are some tips i would like to give to beginners..(i learned the hard way)


*nothing is ever stable in crypto market


*dont believe in anyone even your fav. Crypto utubers.(but always learn how they trade..would suggest watch JRNY crypto)


* dont jump in any kind of liverage trading where you can borrow money from exchange if you have less than 6 months experience..it may seem very exciting but its really risky..


* start margin trading (if you are actually coinfident) with less margin(maybe limit it to 3x only)


*never buy when btc is pumping(mostly when btc pumps other coins also pumps)


*always diversify your portfolio.. Never yolo even though you are 100% coinfident..have atleast more than 4 coins..


*If you are new to crypto consider your experience time as a level that unlocks more coins as you progress..by that i mean for starting 2 months stay in top 10 crypto then in 3rd month start to deal with top 20..than after 6 months go for top 50..and on and on..because top coins are rather more stable and proven themselves more worthy than others.. definetly you wont gain massively but you wont loss too..


*join twitter and follow the most influential people and coin handles..because any announcement is done firstly on twitter..you can stay ahead of herd by doing this..


*try to talk to people and make friends crypto related even if they dont help you too much practically but after taking a huge hit..you would need someone to talk to..( i dont know if this works for others but i randomly found a guy whose city is close to mine and we really help each other in hard times)


* always keep some fiat currency ready if the market crash and always buy the dip but part by part.what i do is make 4 parts of my money and buy as the price goes down because you never know how much it will dip...


*and most importantly learn the power of holding...if i would have just hold any of the coins i have mentioned above..i would have already been up over 500$


(if you have any doubts i will try to solve it just dm me)
And i hope you guys earn a fortune :)

As for me i will still try hard as i can to turn my 90$ to 250$ so i dont get scolded by my parents..",1.0,7,0,7
t3_mfc0b2,CryptoMarkets,Digital Gold $GOLD Crashing,t2_26m3w1lc,2021-03-28 22:49:19+00:00,"Noob here. Can someone explain to me why $GOLD crashed today? I don‚Äôt hold any $GOLD but am curious as to why it suddenly dropped 100% in value. 

Apparently it was backed by physical gold, 1 gram to 1 GOLD, did the store of gold somehow be discovered to be a scam or something?

Edit: Dropped from about 54$ to .001$",1.0,5,0,5
t3_mfa39o,CryptoMarkets,"News: I‚Äôm writing a book, people are minting NFTs for the lulz, Chuck Tingle calls NFTs a ‚Äòscoundrel plot‚Äô",t2_97fb27l4,2021-03-28 21:12:06+00:00,,0.81,3,0,3
t3_mfh7ui,CryptoMarkets,Why You Need Blockchain Education in 2021,t2_80h2y0jc,2021-03-29 03:59:29+00:00,,1.0,3,0,3
t3_mfbzxu,CryptoMarkets,"An Interview with FRAX Founder Sam Kazemian, Creator of ‚ÄúThe Stable Version of Bitcoin‚Äù. Article that explains algorithmic stablecoins.",t2_au0zh39u,2021-03-28 22:48:45+00:00,,0.76,2,0,2
t3_mf9jm4,CryptoMarkets,Top coins according to trend and momentum indicators March 28th,t2_2op0ezcz,2021-03-28 20:45:29+00:00,,0.76,2,0,2
t3_mf78d3,CryptoMarkets,"I'm creating a token, and I'd appreciate your feedback!",t2_889w9p7s,2021-03-28 18:53:28+00:00,"Hey guys! I'm currently in the alpha stages of creating a token, and if you have any spare time i'd appreciate if you could check out this pdf and let me know your thoughts! Feel free to ask for the discord link if it piped your interest!

[https://drive.google.com/file/d/1q0G0Ydr5rZPpH7BrSxaOj70wOcyys1WR/view?usp=sharing](https://drive.google.com/file/d/1q0G0Ydr5rZPpH7BrSxaOj70wOcyys1WR/view?usp=sharing)",1.0,2,0,2
t3_mf71w8,CryptoMarkets,Beginner‚Äôs Guide: How to invest in Crypto?,t2_7jdlnl6o,2021-03-28 18:44:54+00:00,,0.67,2,0,2
t3_mf5v67,CryptoMarkets,KeyFi Is Launching Its Native Token on Binance Smart Chain,t2_63r2nrg0,2021-03-28 17:48:00+00:00,,1.0,2,0,2
t3_mf5hth,CryptoMarkets,Hogemon - Legendary Meme God,t2_16jf5z,2021-03-28 17:30:09+00:00,,0.64,3,0,3
t3_mf10i4,CryptoMarkets,"Weekly Discussion Megathread - March 28, 2021 (GMT+0)",t2_6l4z3,2021-03-28 13:00:18+00:00," Welcome to the /r/CryptoMarkets Weekly Discussion thread. The thread guidelines are as follows:



\*\*\*



  The thread guidelines are as follows:



\*  Discussion topics include, but are not limited to, events of the day, technical analysis, and minor questions.  

\*  Breaking news or other important content should be submitted as a separate post.

\*  Cryptocurrency discussion not related to trading should be referred to the r/CryptoCurrency general discussion thread, \[see here\]([https://www.reddit.com/r/CryptoCurrency/comments/62teju/monthly\_general\_discussion\_april\_01\_2017/](https://www.reddit.com/r/CryptoCurrency/comments/62teju/monthly_general_discussion_april_01_2017/)). 

\*  Follow the golden rule and be excellent to each other. 



\*\*\*



  Resources and Tools:



\* Consider joining one of the r/CryptoMarkets chat groups, \[see here\]([https://www.reddit.com/r/CryptoMarkets/wiki/chat](https://www.reddit.com/r/CryptoMarkets/wiki/chat)).

\* If you are using RES, please click the subscribe button below to be notified when new comments are posted.

\* To view live streaming comments for this thread, \[click here\]([https://reddit-stream.com/comments/auto](https://reddit-stream.com/comments/auto)).  Account permissions are required to post comments through [Reddit-Stream.com](https://Reddit-Stream.com).



\*\*\*



  Thank you in advance for your participation. Enjoy!",1.0,2,0,2
t3_mewv6s,CryptoMarkets,What Is the CME Bitcoin Gap? Explained With Charts and How to Profit From It,t2_4q7luzs5,2021-03-28 07:39:20+00:00,,0.75,2,0,2
t3_meup7s,CryptoMarkets,South Korean Bank BNK Busan Offers Banking Services To Crypto Exchanges,t2_63r2nrg0,2021-03-28 04:45:51+00:00,,1.0,2,0,2
t3_mfh90m,CryptoMarkets,CryptoScam Group Beware,t2_1ei8bgqj,2021-03-29 04:01:14+00:00,,1.0,3,0,3
t3_mfh4ed,CryptoMarkets,Indonesia Plans To Launch Government Backed Crypto Exchange,t2_63r2nrg0,2021-03-29 03:52:55+00:00,,1.0,3,0,3
t3_mfgm0q,CryptoMarkets,Kentucky‚Äôs Governor Signs Crypto Mining and Clean Energy Incentive Bills,t2_63r2nrg0,2021-03-29 03:20:05+00:00,,0.67,1,0,1
t3_mfex7b,CryptoMarkets,"BTC goes BRRRRRRRRRR, but the printer ran out of ink",t2_kgqk5,2021-03-29 01:37:06+00:00,"For anyone buying BTC right now (price at 51130), I doubt BTC will even touch 55500 again before midnight(EST, so 2 1/2 hours). Not to worry though, it'll breakthrough and be supported at 56000, 60000, and definitely higher in the near future, but I see a lot of people thinking they're going to cause a bull rush by buying 0.005 BTC at the ask price. It does have an effect, but only in the sense it makes sellers set bolder limits. Then we're down again. It's like being at an amusements park. The fun part is on the way down. Be patient, and set bids instead of market orders. I think 54100 might be a good limit, but it's hard to tell. the past week I watched this happen about 5 times with BTC. A thousand mark gets crossed, it bounces momentarily, then it maybe happens one more time before the next time it gets crossed and shit hits the fan. There's just so many FOMO bag hodlers from the recent peak. They can only stand to see it cross certain lines. After failing to reach the peak two weeks later I expect we will see massive selling this week. Maybe I'm wrong. I don't really know anything.",0.67,1,0,1
t3_mfe2ra,CryptoMarkets,$MOONELON NEXT ELON COIN!,t2_75l3kdw5,2021-03-29 00:46:06+00:00,,1.0,1,0,1
t3_mfdoup,CryptoMarkets,Why I can't buy? I don't get this.,t2_2jr7gd2q,2021-03-29 00:23:55+00:00,,1.0,1,0,1
t3_mfd1co,CryptoMarkets,BitClout‚Äôs social media experiment is one bad idea on top of another,t2_90qfsr5t,2021-03-28 23:46:51+00:00,,0.67,1,0,1
t3_mfcyqd,CryptoMarkets,Cierre de operacion scalping BTC-USD en Bybit,t2_kto9r45,2021-03-28 23:42:37+00:00,,1.0,1,0,1
t3_mfcwi2,CryptoMarkets,Ark Invest CEO Makes a Bullish Reveal About Bitcoin's Market Cap,t2_90px1bv2,2021-03-28 23:39:03+00:00,,0.67,1,0,1
t3_mfcc67,CryptoMarkets,Japan year-end deadlines trigger market turbulence,t2_957foh4x,2021-03-28 23:06:56+00:00,,0.67,1,0,1
t3_mfc0rb,CryptoMarkets,Here‚Äôs how RBI is thinking about its own blockchain platform,t2_97fb27l4,2021-03-28 22:50:00+00:00,,0.67,1,0,1
t3_mfbg6s,CryptoMarkets,"Analisis Tecnico BTC, ETH - Secion de Scalping entrada y salida",t2_kto9r45,2021-03-28 22:19:58+00:00,,0.67,1,0,1
t3_mfb3cu,CryptoMarkets,Attorney John Deaton Interview - The SEC Versus XRP Holders - SEC Ripple Lawsuit,t2_l1mea7y,2021-03-28 22:02:16+00:00,,1.0,1,0,1
t3_mfa5uk,CryptoMarkets,Constellation $DAG chooses LCX as partner,t2_6fsoc6if,2021-03-28 21:15:38+00:00,,0.67,1,0,1
t3_mf5yav,CryptoMarkets,Constellation $DAG chooses LCX as a partner,t2_6fsoc6if,2021-03-28 17:52:04+00:00,,0.67,1,0,1
t3_mf49xl,CryptoMarkets,"Digital Artist PplPleasr Raises $525,000 After Selling UniSwap NFT",t2_63r2nrg0,2021-03-28 16:32:13+00:00,,0.67,1,0,1
t3_mf39gk,CryptoMarkets,Norwegian Billionaire Invests in Bitcoin After Calling for Ban,t2_63r2nrg0,2021-03-28 15:41:53+00:00,,0.67,1,0,1
t3_mf1ltz,CryptoMarkets,32 Fundamental Reasons Why I Went ALL-IN on Smartlands (SLT),t2_6m68s56v,2021-03-28 14:20:11+00:00,"Crypto is a difficult world to get your footing in. There are just as many pump and dump meme coins and outright scams as there are legitimate projects; and many of those legitimate projects are just an idea without anything tangible behind it (just wait two years and it will be revolutionary‚Ä¶right?).  

I‚Äôve been accumulating crypto since early 2017 and am currently as excited as everyone else to be going through my second major bull run.  

At the beginning of 2021, I converted 99% of my stack to Smartlands (SLT).  

*Here are 32 reasons why:*  

***Tokenomics***  

1. **Supply** \- the total supply is 7.1mil tokens with just over 5mil currently in circulation. Remaining tokens are locked for use onboarding partners, so will only be unlocked when there is real gain for the platform to be had by doing so.  
2. **Market Cap** \- even after the 30x fiat value gains that SLT has had since January, the market cap is still under 50mil. That is insanely undervalued for a project with as many fundamentals as Smartlands has.  
3. **Staking Yield** \- Smartlands will be providing [revenue sharing to qualifying holders](https://smartlands.io/blog/the-fee-pool-and-ukraine-explained/) of 33% of fees paid by clients to list assets on their platform; as well as a percentage of trading fees from the secondary market that emerges over time.  
4. **Buy Pressure** \- the staking yield will be paid to holders in SLT and this will be bought on market through automated buy bots, creating an upward pressure on price.  
5. **Near-Zero Fees** \- because SLT operates on the Stellar protocol (easily one of the best crypto protocols in the world) the transaction fees are basically free.  
6. **Fast Transactions** \- the Stellar protocol also allows transactions on the platform that occur in a few seconds.  

**7) Environmentally Friendly** \- there is minimal energy use for the Stellar protocol and therefore the Smartlands platform will be more environmentally friendly compared to most other cryptocurrency blockchains.  

8) **Transparent** \- one of the great things about the Stellar protocol and the Stellar Decentralised Exchange (SDEX) is how transparent it is. You can see every trade, linked to an account, with analytics about that wallet available for anyone to see ([Stellar.expert](https://stellar.expert/)). This lets us understand market sentiment and whale activity better than pretty much any other platforms out there.  

9) **New Exchanges Coming** \- SLT is currently so undervalued (did I mention: UNDER 50mil MARKET CAP) because it has only been available on the SDEX until recently. Two new exchanges have been added so far in 2021 (Whitebit and Atomars) with more currently in negotiations. Once SLT hits any of the larger exchanges you know what will happen‚Ä¶ and you have that to look forward to if you become a holder now.  

10) **Bear Market Resistant** \- one of the great things about a platform focused on a real world business model is that it is less dependent on the crypto market cycles for success. Everything goes great for all these obscure DeFi plays in a bull run, but what happens to them when the market turns? 90% of them will disappear or become worthless, but Smartlands will continue to run its business as it is not solely focused on crypto investors. The yield is also not dependent on the crypto markets, but is a factor of commercial activity. SLT is bear market resistant, which will become increasingly important over the course of 2021.  

***Platform***  

11) **Real Estate** \- the Real Estate market is the next holy grail of crypto and Smartlands are making it happen in the next few weeks. This is a multi-multi-trillion dollar market and there will be huge rewards for first movers and early adopters.  

12) **SME Funding** \- smaller businesses and startups can find it difficult to get seed funding, or unlock liquidity for expansion. Smartlands is going to be directly engaging with entrepreneurs and business owners to help them grow.  

13) **Flexibility** \- beyond the two key sectors above that Smartlands are focusing on launch, the platform itself allows all kinds of other ABT transactions - including things like debt trading, DeFi loans, agriculture and other alternative investments. Smartlands are not just focusing on one area, but developing an ABT platform that can onboard new sectors.  

14) **Brand Name** \- the crypto-sphere is filled with projects with (quite frankly) ridiculous names that won‚Äôt be taken seriously in any mainstream or professional business context. Smartlands, on the other hand, has by far one of the best brand names in the space. Recognisable branding is vital to success in a space as fast-moving as crypto. Smartlands does what it says and you remember it for what it does, in any language.  

15) **Ukraine Launch** \- with solid partnerships in Ukraine (see below), Smartlands are now focused on one of the strongest emerging markets in the world. It also happens to be one of the most crypto-friendly too. Yes, there are obviously risks around political stability and corruption - but check this EU report to see how confident the EU Commission is on these fronts. If one of the world‚Äôs largest trading blocs can be this confident, so can we. Remember also that Ukraine is just the beginning‚Ä¶  

16) **CEO is an Early Investor** \- the current CEO of Smartlands, Ilia Obratzcov, started as an SLT investor involved from the very first days of the original ICO. As a software developer, he eventually applied for and became the Chief Technical Officer involved in development of the platform through a number of iterations - before now being the CEO in charge of the company of a day-to-day basis. Ilia‚Äôs faith in Smartlands became a career and he has a vision for it that surpasses many other entrepreneurs looking to catch a quick crypto wave before cashing out. The CEO has been in it for the long term and his success is linked to ours as token holders.  

17) **Built on Stellar** \- the Stellar protocol is easily one of the best and most efficient blockchain protocols currently available. It also happens to have one of the most professional teams in the crypto space, with high levels of integrity and a focus on regulatory compliance and financial utility. Stellar is the perfect platform for tokenisation of the kind that Smartlands are developing; and they are close partners in what the future holds.  

18) **Marketing Hasn‚Äôt Even Started** \- this is a token that has gone 30x in three months with ZERO marketing. The team is focused on developing a world-leading platform and getting all the right partnerships in place. Compare that to other platforms that are all marketing and not much else. Marketing will begin soon in the lead up to the platform launch - but just consider how successful SLT has been without it. What do you think will happen when they start?  

19) **First Mover Advantage** \- there are many projects in crypto that offer something revolutionary, but you have to wait two years to find out if it will be a success‚Ä¶ but trust us, right? Smartlands, on the other hand, are launching in the next few weeks (currently April). This is happening RIGHT NOW and they will be at least six months ahead of a lot of other competitors trying to do something similar.  

***Partners***  

20) **Empire State Capital** \- with the new Chairman of Smartlands, Martin Birch, we have someone who has spent over a decade working within investment banking in Ukraine. Not only that, but he‚Äôs been focused on client sales and development of High Net Worth Individuals (HNWI). This is an important on-ramp for wealthy clients who aren‚Äôt looking to invest in crypto itself, necessarily, but are looking for high return investment opportunities.  

21) **Quantum Attorneys** \- legal frameworks and regulations is one of the most difficult areas for things like real estate and SME tokenisation. Who better to have on board then a law firm advising the Ukraine government on their digital strategy? That‚Äôs right, Smartlands has a [legal framework ready to go](https://smartlands.io/news/smartlands-is-pleased-to-announce-that-the-legal-framework-for-the-alternative-investment-project-is-finalized-and-ready-for-launch/) that is fully compliant with regulations both current and incoming.  

22) **Colliers International** \- with a game like real estate you need a big hitter on your side. There aren‚Äôt many bigger than Colliers, who have been working with Smartlands since 2018 and are continuing to do so with the new platform launch. The partner link on the website now leads to the Ukrainian page for Colliers, so watch this space‚Ä¶  

23) **Agroxy** \- agriculture is another area ripe for tokenisation that is currently under-explored, and Smartlands are in there [with a new startup](https://smartlands.io/news/smartlands-and-agroxy-announce-a-strategic-partnership/) that looks to create an efficient marketplace for the transfer of products, equipment and other agricultural goods. This will be one of the first joint ventures in which Smartlands are providing a platform back-bone for another organisation‚Ä¶ and yes, there will be fees involved that go into the revenue sharing for qualifying stakers.  

24) **Big U** \- the newest partnership announcement is an excellent one, as it opens up [a whole new area for Smartlands](https://smartlands.io/blog/business-incubator-group-ukraine-big-u-and-smartlands/) outside of real estate: SMEs. This partnership is a big deal not only because the Smartlands platform will be embedded in their mentoring and incubation process for new startups in Ukraine, but also because Big U is working directly with the Ukraine government as part of economic initiatives in the region.  

25) **Archax** \- institutional investors need to know that what they are involved in is trustworthy and well-vetted. Enter Archax, an exchange aimed at institutional investors that is focusing on the ABT market that is launching in the next few months. Smartlands was [one of their earliest partners](https://smartlands.io/blog/smartlands-archax-partner-for-trading-of-smartlands-issued-security-tokens-on-upcoming-archax-exchange/) and will be listed on the exchange when it launches.  

26) **Stellar Foundation** \- as mentioned previously, the fact that Smartlands are so [closely involved with the Stellar Foundation](https://smartlands.io/blog/a-stellar-performance/) should be seen as a huge positive. Not only because of the expertise and professionalism of Stellar, which is second to none in crypto, but because they are embedded with them in Ukraine. Stellar is working with the Ukrainian government to develop one of the world‚Äôs leading CBDCs. Smartlands is right there with them.  

27) **NO Crypto Investment Firms** \- have you ever looked at a project partner list and wondered: why are all the partners just crypto firms? When you look into it, you realise they are all crypto-focused startup funds that are investing in anything they think will make quick returns. Smartlands does NOT have partnerships with these firms, because they are focused on deeper and more professional connections with the business sectors they are involved in. Crypto investment firms dump their investments on retail holders - not having them as partners is a good thing over the long term.  

***Community***  

28) **Level-Headed Investors** \- the Smartlands community is currently made up of people who have done their due diligence and understand that this is an opportunity based on fundamentals. The community is one of the most mature and welcoming in crypto.  

29) **Real Accounts** \- the numbers you see in our community (Telegram and Reddit primarily) are \*real people\*, using real accounts. There aren‚Äôt thousands of bots just to boost numbers, what you see is a real community excited to be in this together.  

30) **Community Website** \- the community is active and dedicated, enough to [create our own website](https://www.smartlandscommunity.com/) with FAQs and How To guides; as well as insight articles that go into more detail on the Tokenomics and History of Smartlands over the years. This website is not run or created by the company, it is 100% community owned and operated..  

31) **Top 50 NOT Selling** \- one key indicator for the strength of a project is whether the largest holders are selling or not. Particularly after the 30x gains that Smartlands has seen in the past three months, you would expect a lot of top holders are cashing out. However, there are currently less than 5 accounts in the Top 50 holders that are selling any of their long-held SLT. We know this because the SDEX is 100% transparent - every trade can be analysed and examined‚Ä¶ and it shows that the big holders are NOT selling.  

32) **Meme Magic** \- the meme game in the Smartlands community is strong and we have fun doing it. Not only do we have people interested in the technical side, but the creatives are on board too. Meme magic works and we have it!  

*Note: $320 is not a meme.*  

**Check these links for more details on all of the above:**  

[https://smartlands.io](https://smartlands.io/) (Official Website)  

[https://smartlands.io/news/](https://smartlands.io/news/) (Official News)  

[https://www.smartlandscommunity.com](https://www.smartlandscommunity.com/) (Unofficial community website)  

[https://www.reddit.com/r/SmartlandsPlatform/](https://www.reddit.com/r/SmartlandsPlatform/) (Smartlands Sub reddit)  

[https://t.me/smartlandschat](https://t.me/smartlandschat) (Official Telegram Channel)  

[https://t.me/SltTaPrice](https://t.me/SltTaPrice) (Unofficial Telegram Channel For Price Talk and Memes)  

&amp;#x200B;

This article was written by u/320prophecy and all credit goes to him.",1.0,1,0,1
t3_mezxno,CryptoMarkets,"Need advice please. I have to sell some of Bitcoin currency, what to expect from taxman?",t2_yd3yi9t,2021-03-28 11:46:08+00:00,"Hi all, I‚Äôm a US citizen residing in UK. I have to sell some of my bitcoin on Coinbase and withdraw the fiat into my UK account. 

Should I just sell it on coinbase and transfer the funds? Are there any better ways of doing this? Also what should I expect from IRS or HMRC?

Please don‚Äôt get me wrong, I‚Äôm not bragging, the value of this exchange will be around ¬£10k. 

Long time holdler, first time seller due to circumstances. Any advice appreciated. Thanks.",1.0,1,0,1
t3_meyuqq,CryptoMarkets,Navcoin is revamping its logo,t2_6i1rlyyy,2021-03-28 10:23:19+00:00,,1.0,1,0,1
t3_mfc82c,CryptoMarkets,Monero - Why it has so much potential,t2_2g24mhxw,2021-03-28 23:00:58+00:00,,0.5,0,0,0
t3_mfap1q,CryptoMarkets,Start mining crypto today - The best offer for Crypto mining equipment,t2_90oy54ie,2021-03-28 21:42:41+00:00,,0.5,0,0,0
t3_mf713x,CryptoMarkets,"Analisis Tecnico BTC, ETH, BNB, ADA, ELROND, DOT, DOGE, ICX, CAKE,",t2_kto9r45,2021-03-28 18:43:46+00:00,,0.5,0,0,0
t3_mf36cm,CryptoMarkets,"Crypto News: Bitcoin ETF 2021, Gold, or Tesla? NFT Tezos News - Exodus Wallet",t2_awswra6,2021-03-28 15:37:36+00:00,,0.5,0,0,0
t3_mf2lvh,CryptoMarkets,Entire AnchorUSD Account Erased! Please Help!!!,t2_77pkn,2021-03-28 15:09:32+00:00,,0.5,0,0,0
t3_mf0rlk,CryptoMarkets,2021 Biggest ICO Bonus code Ex7522j5x7 StudentCoin,t2_9hr3vda6,2021-03-28 12:43:53+00:00,,0.5,0,0,0
t3_mex16g,CryptoMarkets,Zilliqa (ZIL): A Top 10 Coin 1000x,t2_p8s5r,2021-03-28 07:53:19+00:00,,0.5,0,0,0
t3_mf36ki,CryptoMarkets,Why are people quitting ETH?,t2_kuwg9,2021-03-28 15:37:53+00:00,,0.43,0,0,0
t3_mf11or,CryptoMarkets,Ray Dalio: Bitcoin may soon be outlawed,t2_auwgobl,2021-03-28 13:02:13+00:00,,0.38,0,0,0
t3_mex0x2,CryptoMarkets,Join the biggest ico of 2021! Buy your financial freedom!üí∞,t2_9hr3vda6,2021-03-28 07:52:41+00:00,,0.25,0,0,0
