,bitcoin,btc,storj,cardano,ethereum,etc,one,bat,ksm,uni,ada,qtum,eos,xrp,link,box,long,dogecoin,doge,chz,chr,bull,eth,ripple,uniswap,bear,monero,bnb,dot,zilliqa,zil,moon,drep,theta,aave,cash,ankr
t3_mewqg7,1.0,1.0,,,,,,,,,,,,,,,,,,,,,,,,,,,,,,,,,,,
t3_mev5km,1.0,,,,,,,,,,,,,,,,,,,,,,,,,,,,,,,,,,,,
t3_meyn3x,1.0,,,,,,,,,,,,,,,,,,,,,,,,,,,,,,,,,,,,
t3_meylj2,1.0,,,,,,,,,,,,,,,,,,,,,,,,,,,,,,,,,,,,
t3_mf5jos,1.0,,,,,,,,,,,,,,,,,,,,,,,,,,,,,,,,,,,,
t3_mf1yts,1.0,,,,,,,,,,,,,,,,,,,,,,,,,,,,,,,,,,,,
t3_mf5sit,1.0,,,,,,,,,,,,,,,,,,,,,,,,,,,,,,,,,,,,
t3_mf3e50,1.0,,,,,1.0,1.0,,,,,,,,,,,,,,,,,,,,,,,,,,,,,,
t3_mfbzxu,1.0,,,,,,,,,,,,,,,,,,,,,,,,,,,,,,,,,,,,
t3_mewv6s,1.0,,,,,,,,,,,,,,,,,,,,,,,,,,,,,,,,,,,,
t3_mfcwi2,1.0,,,,,,,,,,,,,,,,,,,,,,,,,,,,,,,,,,,,
t3_mf39gk,1.0,,,,,,,,,,,,,,,,,,,,,,,,,,,,,,,,,,,,
t3_mezxno,1.0,,,,,,,,,,,,,,,,1.0,,,,,,,,,,,,,,,,,,,,
t3_mf36cm,1.0,,,,,,,,,,,,,,,,,,,,,,,,,,,,,,,,,,,,
t3_mf11or,1.0,,,,,,,,,,,,,,,,,,,,,,,,,,,,,,,,,,,,
t1_gsm9mlr,1.0,,,,,,,,,,,,,,,,,,,,,,,,,,,,,,,,,,,,
t1_gsn7xq2,1.0,1.0,,,,,1.0,,,,,,,,,,,,,,,,,,,,,,,,,,,,,,
t1_gsn1dlq,1.0,,,,,,,,,,,,,,,,,,,,,,,,,,,,,,,,,,,,
t1_gsmmggb,1.0,,,,,,,,,,,,,,,,,,,,,,,,,,,,,,,,,,,,
t3_mevewy,,1.0,,,,,,,,,,,,,,,1.0,1.0,1.0,1.0,1.0,,,,,,,,,,,,,,,,
t3_mfex7b,,1.0,,,,,1.0,,,,,,,,,,,,,,,1.0,,,,,,,,,,,,,,,
t3_mfbg6s,,1.0,,,,,,,,,,,,,,,,,,,,,1.0,,,,,,,,,,,,,,
t3_mf713x,,1.0,,,,,,,,,1.0,,,,,,,,1.0,,,,1.0,,,,,1.0,1.0,,,,,,,,
t1_gsm6sx7,,1.0,,,,,,,,,,,,,,,,,,,,,,,,,,,,,,,,,,,
t1_gsn18bz,,1.0,,,,,,,,,,,,,,,,,,,,,,,,,,,,,,,,,,,
t1_gsl946f,,1.0,,,,,,,,,,,,,,,,,,,,,,,,,,,,,,,,,,,
t1_gsl9aun,,1.0,,,,,,,,,,,,,,,,,,,,,,,,,,,,,,,,,,,
t1_gsmj91p,,1.0,,,,,,,,,,,,,,,,,,,,,,,,,,,,,,,,,,,
t1_gslb65p,,1.0,,,,,,,,,,,,,,,,,,,,,,,,,,,,,,,,,,,
t3_mezov2,,,1.0,,,,,,,,,,,,,,,,,,,,,,,,,,,,,,,,,,
t3_meuah9,,,,1.0,1.0,,,,,,,,,,,,,,,,,,,,,,,,,,,,,,,,
t3_mf0yae,,,,1.0,,,,,,,,,,,,,,,,,,,,,,,,,,,,,,,,,
t1_gslvtz0,,,,1.0,,,,,,,,,,,,,,,,,,,,,,,,,,,,,,,,,
t1_gsl9r9m,,,,1.0,,,,,,,,,,,,,1.0,,,,,,,,,,,,,,,,,,,,
t1_gsm0hrw,,,,1.0,1.0,,,,,,1.0,,,,,,,,,,,,1.0,,,,,,,,,,,,,,
t1_gsl73w7,,,,1.0,,,,,,1.0,,,,,,,1.0,,,,,,1.0,,,,,,,,,,,,,,
t1_gslepjl,,,,1.0,,,,,,,,,,,,,,,,,,,,,,,,,,,,,,,,,
t1_gsl7off,,,,1.0,,,,,,,,,,,,,,,,,,,1.0,,,,,,,,,,,,,,
t1_gsm4cfa,,,,1.0,,,,,,,,,,,,,,,,,,,1.0,,,,,,,,,,,,,,
t3_mfacpd,,,,,1.0,,,,,,,,,,,,,,,,,,,,,,,,,,,,,,,,
t1_gsmbn7g,,,,,1.0,,,,,,1.0,,,,,,,,,,,,1.0,,,,,,1.0,,,,,,,,
t1_gsl71k1,,,,,1.0,,,,,,,,,,,,,,,,,,,,,,,,,,,,,,,,
t1_gslbcdx,,,,,1.0,,,,,,,,,,,,,,,,,,,,,,,,,,,,,,,,
t1_gsm5con,,,,,,1.0,,,,,,,,,,,,,,,,,,,,,,,,,,,,,,,
t3_mf10i4,,,,,,,1.0,,,,,,,,,,,,,,,,,,,,,,,,,,,,,,
t3_mfd1co,,,,,,,1.0,,,,,,,,,,,,,,,,,,,,,,,,,,,,,,
t3_mf1ltz,,,,,,,1.0,,,,,,,,1.0,,1.0,,,,,1.0,,,,1.0,,,,,,,,,,,
t1_gslpl9c,,,,,,,1.0,,,,,,,,,,,,,,,,,,,,,,,,,,,,,,
t1_gslnwts,,,,,,,1.0,,,,,,,,,,,,,,,,,,,,,,,,,,,,,,
t1_gsm08i6,,,,,,,1.0,,,,,,,,,,,,,,,,,,,,,,,,,,1.0,,,,
t1_gsm0mas,,,,,,,1.0,,,,,,,,,,,,,,,,,,,,,,,,,,,,,,
t1_gsmlauc,,,,,,,1.0,,,,,,,,,,,,,,,,,,,,,,,,,,,,,,
t1_gsldfdw,,,,,,,1.0,,,,,,,,,,,,,,,,,,,,,,,,,,,,,,
t1_gslwv4b,,,,,,,1.0,,,,,,,,,,,,,,,,,,,,,,,,,,,,,,
t1_gslyeil,,,,,,,1.0,,,,,,,,,,,,,,,,,,,,,,,,,,,,,,
t3_mf2anv,,,,,,,,1.0,1.0,1.0,1.0,1.0,1.0,1.0,1.0,,,,,,,,,,,,,,,,,,,,,,
t1_gslulxf,,,,,,,,,,,1.0,,,,,,,,,,,,1.0,,,,,,,,,,,,,,
t3_mfb3cu,,,,,,,,,,,,,,1.0,,,,,,,,,,1.0,,,,,,,,,,,,,
t3_mf78d3,,,,,,,,,,,,,,,1.0,,,,,,,,,,,,,,,,,,,,,,
t1_gsm5pxg,,,,,,,,,,,,,,,1.0,,,,,,,,,,,,,,,,,,,,,,
t3_mf5vah,,,,,,,,,,,,,,,,1.0,1.0,,,,,,,,,,,,,,,,,,,,
t1_gsls1c1,,,,,,,,,,,,,,,,,1.0,,,,,,,,,,,,,,,,,,,,
t1_gslyvpp,,,,,,,,,,,,,,,,,,1.0,,,,,,,,,,,,,,,,,,,
t1_gslztm0,,,,,,,,,,,,,,,,,,,1.0,,,,,,,,,,,,,,,,,,
t3_mf36ki,,,,,,,,,,,,,,,,,,,,,,,1.0,,,,,,,,,,,,,,
t1_gsnbgcz,,,,,,,,,,,,,,,,,,,,,,,1.0,,,,,,,,,,,,,,
t1_gsmcbad,,,,,,,,,,,,,,,,,,,,,,,1.0,,,,,,,,,,,,,,
t1_gsl6jgw,,,,,,,,,,,,,,,,,,,,,,,1.0,,,,,,,,,,,,,,
t1_gslfcbl,,,,,,,,,,,,,,,,,,,,,,,1.0,,,,,,,,,,,,,,
t3_mf49xl,,,,,,,,,,,,,,,,,,,,,,,,,1.0,,,,,,,,,,,,
t3_mfc82c,,,,,,,,,,,,,,,,,,,,,,,,,,,1.0,,,,,,,,,,
t3_mex16g,,,,,,,,,,,,,,,,,,,,,,,,,,,,,,1.0,1.0,,,,,,
t1_gslzfor,,,,,,,,,,,,,,,,,,,,,,,,,,,,,,,,1.0,,,,,
t1_gsnbyjc,,,,,,,,,,,,,,,,,,,,,,,,,,,,,,,,1.0,,,,,
t1_gsnimkf,,,,,,,,,,,,,,,,,,,,,,,,,,,,,,,,,,1.0,,,
t1_gsna1w1,,,,,,,,,,,,,,,,,,,,,,,,,,,,,,,,,,,1.0,,
t1_gsljkzc,,,,,,,,,,,,,,,,,,,,,,,,,,,,,,,,,,,,1.0,
t1_gsn6bhy,,,,,,,,,,,,,,,,,,,,,,,,,,,,,,,,,,,,,1.0
